<?xml version="1.0" encoding="UTF-8" ?>
<class name="BTCheckVar" inherits="BTCondition" xmlns:xsi="http://www.w3.org/2001/XMLSchema-instance" xsi:noNamespaceSchemaLocation="../../../doc/class.xsd">
	<brief_description>
		BT condition that checks a variable on the blackboard.
	</brief_description>
	<description>
		BTCheckVar evaluates the [member variable] against [member value] and returns [code]SUCCESS[/code] or [code]FAILURE[/code] based on the [member check_type].
	</description>
	<tutorials>
	</tutorials>
	<members>
		<member name="check_type" type="int" setter="set_check_type" getter="get_check_type" enum="LimboUtility.CheckType" default="0">
			The type of check to be performed.
		</member>
		<member name="value" type="BBVariant" setter="set_value" getter="get_value">
			A parameter that specifies the value against which the [member variable] will be compared.
		</member>
		<member name="variable" type="String" setter="set_variable" getter="get_variable" default="&quot;&quot;">
			The name of the variable to check its value.
		</member>
	</members>
</class>
